ID;Titulo;Genero;Año;Palabras_Clave;Mensaje_Bot
1;El Origen (Inception);Ciencia Ficcion/Accion/Misterio;2010;sueños-mente-sorpresa-misterio-loco;"Si andas buscando algo que te deje con la cabeza dada vueltas y sorprendido, El Origen te sumergira en un viaje mental donde nada es lo que parece."
2;Interestelar (Interstellar);Ciencia Ficcion/Drama/Aventura;2014;espacio-llorar-futuro-astronauta-tristeza-sorpresa;"Si andas reflexivo o medio despechado, te recomiendo Interestelar: una obra maestra del espacio que te movera las fibras y te hara soltar mas de una lagrima."
3;Matrix;Ciencia Ficcion/Accion/Suspenso;1999;futuro-realidad-pelea-sorpresa-ira-aburrido;"Si sientes que el mundo esta raro o andas aburrido, Matrix te abrira los ojos con pura accion y filosofia noventera."
4;Volver al Futuro;Ciencia Ficcion/Comedia/Aventura;1985;tiempo-viaje-auto-alegria-sorpresa-aburrido;"Para pasar un rato super divertido y lleno de nostalgia, Volver al Futuro es el viaje perfecto para subirte el animo."
5;Jurassic Park (Parque Jurasico);Ciencia Ficcion/Aventura/Terror;1993;dinosaurios-isla-miedo-sorpresa-peligro;"Si quieres sentir adrenalina y asombro viendo dinosaurios gigantes, Parque Jurasico es un clasico que nunca falla."
6;Avatar;Ciencia Ficcion/Aventura/Accion;2009;planeta-alienigena-naturaleza-sorpresa-alegria;"Si quieres viajar a un mundo visualmente impresionante y olvidar tus problemas, Avatar te llevara directo a Pandora."
7;Terminator 2: El Juicio Final;Ciencia Ficcion/Accion/Suspenso;1991;robot-futuro-pelea-ira-sorpresa;"Si andas con ganas de ver explosiones y pura accion de la buena, Terminator 2 es la definicion de cine brutal."
8;WALL-E;Animacion/Ciencia Ficcion/Romance;2008;robot-espacio-amor-tristeza-alegria;"Si te sientes un poco solo o con nostalgia, WALL-E te derretira el corazon con una historia tierna y hermosa."
9;Blade Runner 2049;Ciencia Ficcion/Misterio/Drama;2017;futuro-detective-robots-tristeza-sorpresa;"Si andas en un plan melancolico y te gusta el misterio futurista, Blade Runner 2049 es una joya visual atrapante."
10;Duna (Dune);Ciencia Ficcion/Aventura/Drama;2021;desierto-imperio-espada-sorpresa-ira;"Si buscas una historia epica que te deje con la boca abierta, Duna te llevara a un universo lleno de tension y poder."
11;John Wick (Otro Dia Para Matar);Accion/Thriller/Suspenso;2014;tiros-venganza-pelea-ira-arrechera-aburrido;"Si andas arrecho o ladillado y quieres pura adrenalina, John Wick es perfecta para ti: tiros y una venganza brutal."
12;Gladiador;Accion/Drama/Aventura;2000;roma-venganza-lucha-ira-tristeza;"Si tienes rabia acumulada y buscas una historia de honor y lucha, Gladiador te hara gritar de la emocion."
13;Buscando a Nemo;Animacion/Aventura/Familia;2003;pez-oceano-padre-alegria-sorpresa;"Si quieres sonreir y recordar lo valioso de la familia, Buscando a Nemo te sacara unas cuantas risas y ternura."
14;Mad Max: Furia en la Carretera;Accion/Ciencia Ficcion/Aventura;2015;desierto-autos-explosion-ira-sorpresa;"Si andas acelerado y quieres pura locura sobre ruedas, Mad Max es una explosion de adrenalina sin descanso."
15;Duro de Matar;Accion/Thriller/Suspenso;1988;edificio-policia-terroristas-ira-alegria;"Si tienes ganas de ver al héroe clasico salvar el dia a pura bala, Duro de Matar es la pelicula perfecta."
16;Mision Imposible: Repercusion;Accion/Suspenso/Aventura;2018;espia-carreras-peligro-sorpresa-miedo;"Si te gusta la adrenalina y las acrobacias imposibles, esta entrega de Mision Imposible te mantendra pegado a la pantalla."
17;Top Gun: Maverick;Accion/Drama/Aventura;2022;aviones-piloto-velocidad-alegria-sorpresa;"Si andas buscando emocion pura y superacion, Top Gun Maverick te hara volar muy alto."
18;Batman: El Caballero de la Noche;Accion/Drama/Crimen;2008;batman-joker-justicia-ira-sorpresa;"Si andas buscando una trama oscura e intensa con el mejor villano de la historia, El Caballero de la Noche es imprescindible."
19;Los Vengadores (The Avengers);Accion/Ciencia Ficcion/Aventura;2012;superheroes-invasion-equipo-alegria-sorpresa-aburrido;"Si lo que quieres es ver a tus superheroes favoritos unidos salvando el mundo, Los Vengadores es pura diversion."
20;Pantera Negra (Black Panther);Accion/Aventura/Ciencia Ficcion;2018;rey-tecnologia-lucha-alegria-ira;"Si buscas una historia llena de accion, cultura y orgullo, Black Panther te atrapara de principio a fin."
21;Shrek;Animacion/Comedia/Fantasia;2001;ogro-pantano-risas-alegria-vacilon-aburrido;"Para morirte de la risa y vacilar un rato con modismos divertidos, Shrek es el rey indiscutible de las comedias."
22;¿Que Paso Ayer? (The Hangover);Comedia/Misterio/Aventura;2009;fiesta-vegas-descontrol-alegria-tripeo-aburrido;"Si quieres desatar la risa con una locura de fiesta y amnesia, ¿Que Paso Ayer? te hara tripear al maximo."
23;Superbad (Super Cool);Comedia/Juventud/Romance;2007;amigos-fiesta-liceo-alegria-vacilon;"Si andas con ganas de recordar locuras de amigos o liceo, Superbad te garantizara risas sin parar."
24;Son Como Ninos (Grown Ups);Comedia/Familia/Aventura;2010;amigos-vacaciones-familia-alegria-diversion;"Si buscas un rato relajado para reir sin pensar mucho, Son Como Ninos es ideal para disfrutar en grupo."
25;La Mascara;Comedia/Fantasia/Accion;1994;verde-locura-baile-alegria-sorpresa;"Si andas necesitado de buen humor y energia desbordante, Jim Carrey en La Mascara te contagiara su risa."
26;Y ¿Donde Esta el Piloto?;Comedia/Absurdo/Aventura;1980;avion-absurdo-chistes-alegria-sorpresa;"Si te gusta el humor absurdo y los chistes por segundo, este clasico de la comedia te matara de risa."
27;Guerra de Papas;Comedia/Familia/Drama;2015;padres-competencia-familia-alegria-diversion;"Si quieres ver una competencia absurda entre dos padres opuestos, esta comedia te sacara carcajadas."
28;Chicas Pesadas (Mean Girls);Comedia/Juventud/Drama;2004;liceo-populares-chismes-alegria-sorpresa;"Si andas de humor para una comedia iconica de liceo y frases inolvidables, Chicas Pesadas es un clasico."
29;El Grinch;Comedia/Familia/Fantasia;2000;navidad-verde-amargado-alegria-ira;"Si andas medio amargado o con humor cinico, El Grinch te sacara una sonrisa a pesar de todo."
30;Una Noche en el Museo;Comedia/Aventura/Fantasia;2006;museo-historia-magia-alegria-sorpresa;"Si buscas una aventura divertida donde las estatuas cobran vida, esta pelicula te garantizara un gran entretenimiento."
31;El Conjuro (The Conjuring);Terror/Misterio/Paranormal;2013;fantasmas-casa-miedo-culillo-espanto;"Si quieres sentir un verdadero culillo del bueno, tienes que ver El Conjuro: terror paranormal para no dormir."
32;El Exorcista;Terror/Misterio/Drama;1973;posesion-demonio-iglesia-miedo-espanto;"Si andas buscando el terror clasico mas perturbador de la historia, El Exorcista te dejara helado."
33;Hereditary (El Legado del Diablo);Terror/Drama/Misterio;2018;familia-culto-tragedia-miedo-sorpresa;"Si quieres sentir una angustia profunda y un susto psicologico real, Hereditary te dejara traumatizado."
34;Un Lugar en Silencio (A Quiet Place);Terror/Ciencia Ficcion/Drama;2018;silencio-monstruos-familia-miedo-tension;"Si te gusta la tension al maximo donde cualquier ruido significa la muerte, esta pelicula te dejara sin aliento."
35;Scream: Grita Antes de Morir;Terror/Misterio/Thriller;1996;asesino-mascara-telefono-miedo-sorpresa;"Si quieres combinar sustos con misterio para adivinar quien es el asesino, Scream es una joya noventera."
36;Eso (It);Terror/Fantasia/Aventura;2017;payaso-niños-alcantarilla-miedo-espanto;"Si los payasos te dan miedo o quieres ver a un grupo de niños luchar contra el mal, Eso te hara temblar."
37;Actividad Paranormal;Terror/Misterio/Documental;2007;camara-casa-noche-miedo-culillo;"Si te da miedo lo que pasa en tu propia casa mientras duermes, esta pelicula te llevara la paranoia al limite."
38;Sinister (Siniestro);Terror/Misterio/Suspenso;2012;videos-demonio-niños-miedo-espanto;"Si buscas una pelicula oscurisima con ambiente perturbador y sustos reales, Siniestro te quitara el sueño."
39;La Bruja;Terror/Historico/Drama;2015;bosque-brujeria-familia-miedo-tristeza;"Si prefieres el terror psicologico de ambiente lento y claustrofobico, La Bruja te envolvera en su atmosfera."
40;El Juego del Miedo (Saw);Terror/Thriller/Misterio;2004;trampas-juegos-sangre-miedo-sorpresa;"Si te gusta el suspenso macabro y las trampas extremas con giro final inolvidable, El Juego del Miedo es para ti."
41;Titanic;Drama/Romance/Catastrofe;1997;barco-oceano-amor-tristeza-despecho;"Si andas con ganas de despecho y soltar el llanto con una historia de amor eterna, Titanic es la opcion obligatoria."
42;En Busca de la Felicidad;Drama/Familia/Historico;2006;padre-hijo-lucha-tristeza-alegria;"Si te sientes desanimado o achicopalado, esta historia de superacion real te devolvera la esperanza."
43;Forrest Gump;Drama/Comedia/Romance;1994;vida-historia-amor-alegria-tristeza;"Si quieres ver una historia conmovedora llena de momentos divertidos y reflexivos, Forrest Gump te abrazara el alma."
44;Milagros Inesperados (The Green Mile);Drama/Fantasia/Crimen;1999;prision-milagro-empatia-tristeza-llorar;"Si necesitas una pelicula profunda que te toque el corazon hasta sacarte lagrimas, no busques mas."
45;La Vida es Bella;Drama/Comedia/Guerra;1997;padre-guerra-amor-tristeza-alegria;"Si buscas una leccion de amor y positivismo en medio de las peores dificultades, La Vida es Bella es unica."
46;Siempre a tu Lado (Hachiko);Drama/Familia/Historico;2009;perro-lealtad-espera-tristeza-despecho;"Si andas sensible y quieres llorar con la historia de lealtad perruna mas hermosa, ten los pañuelos a la mano."
47;El Club de la Pelea (Fight Club);Drama/Thriller/Accion;1999;insomnio-pelea-sociedad-ira-sorpresa;"Si andas frustrado o arrecho con la rutina del mundo, El Club de la Pelea te volara la cabeza."
48;La Lista de Schindler;Drama/Historico/Guerra;1993;guerra-salvacion-historia-tristeza-ira;"Si buscas una obra maestra desgarradora e impactante sobre la humanidad en tiempos de oscuridad."
49;Redencion (The Shawshank Redemption);Drama/Crimen/Esperanza;1994;prision-esperanza-amistad-tristeza-alegria;"Si sientes que andas estancado, esta historia sobre la libertad y la esperanza te motivara profundamente."
50;Whiplash: Musica y Obsesion;Drama/Musica/Misterio;2014;bateria-maestro-estres-ira-sorpresa;"Si andas estresado o buscando motivacion extrema, Whiplash mantendra tu pulso a mil por hora."
51;Toy Story;Animacion/Aventura/Comedia;1995;juguetes-amistad-infancia-alegria-sorpresa;"Para volver a sentirte como un niño y recordar el valor de los amigos, Toy Story es perfecta."
52;Coco;Animacion/Familia/Fantasia;2017;mexico-familia-musica-tristeza-alegria;"Si extrañas a tus familiares o andas nostalgico, Coco te llenara el pecho de emocion y bonita musica."
53;Intensamente (Inside Out);Animacion/Familia/Comedia;2015;emociones-mente-crecer-alegria-tristeza;"Si andas confundido con tus sentimientos, esta pelicula te explicara como funciona tu mente de forma genial."
54;Spider-Man: Un Nuevo Universo;Animacion/Accion/Aventura;2018;spiderman-multiverso-estilo-alegria-sorpresa;"Si buscas pura innovacion visual y una historia heroica inspiradora, esta pelicula de Spider-Man es brillante."
55;Shrek 2;Animacion/Comedia/Fantasia;2004;muy muy lejano-suegra-risas-alegria-vacilon;"Si quieres ver una secuela perfecta llena de chistes y diversion sin parar, Shrek 2 es la clave."
56;Los Increibles;Animacion/Accion/Familia;2004;superheroes-familia-trabajo-alegria-sorpresa;"Si quieres ver una mezcla genial entre vida familiar y accion de superheroes, Los Increibles nunca falla."
57;Mi Villano Favorito;Animacion/Comedia/Familia;2010;gru-minions-adopcion-alegria-sorpresa;"Si te gustan las comedias tiernas con personajes locos como los Minions, esta peli te hara reir."
58;Ratatouille;Animacion/Comedia/Familia;2007;rata-cocina-paris-alegria-sorpresa;"Si andas buscando motivacion para perseguir tus sueños sin importar de donde vemgas, Ratatouille es pura magia."
59;Kung Fu Panda;Animacion/Accion/Comedia;2008;oso-arte marcial-destino-alegria-sorpresa;"Si quieres risas mezcladas con buenas peleas y lecciones de vida, Po te demostrara de que esta hecho."
60;Monsters Inc.;Animacion/Comedia/Familia;2001;monstruos-sustos-niña-alegria-sorpresa;"Si quieres pasar un rato divertido viendo monstruos que dan risa en vez de miedo, Monsters Inc es ideal."
61;Psicosis;Misterio/Thriller/Terror;1960;ducha-hotel-madre-miedo-sorpresa;"Si te gustan los clasicos del suspenso psicologico que cambiaron el cine, Psicosis te sorprendera."
62;Se7en: Los Siete Pecados Capitales;Misterio/Thriller/Crimen;1995;detectives-pecados-lluvia-ira-sorpresa;"Si buscas un thriller policial oscuro e intenso con un final que te dejara en shock, Se7en es para ti."
63;El Sexto Sentido;Misterio/Drama/Paranormal;1999;fantasmas-niño-psiquiatra-miedo-sorpresa;"Si te fascinan los giros de guion inesperados y los misterios sobrenaturales, esta peli te atrapara."
64;Los Otros;Misterio/Terror/Drama;2001;casa-niebla-niños-miedo-sorpresa;"Si quieres una atmosfera de misterio helado dentro de una casa a oscuras, Los Otros te atrapara."
65;Entre Brochas y Codigos (Knives Out);Misterio/Comedia/Crimen;2019;mansion-herencia-detective-sorpresa-alegria;"Si te divierte resolver acertijos familiares llenos de mentiras y sorpresas, esta peli es super entretenida."
66;Isla Siniestra (Shutter Island);Misterio/Thriller/Drama;2010;hospital-isla-locura-miedo-sorpresa;"Si andas con ganas de un misterio psicologico que juegue con tu mente, Shutter Island te dejara pensando."
67;El Silencio de los Inocentes;Thriller/Misterio/Crimen;1991;hannibal-fbi-mente-miedo-sorpresa;"Si buscas tension de alto nivel y una batalla de mentes magistral, este thriller es insuperable."
68;Zodiaco;Misterio/Drama/Crimen;2007;asesino-cartas-periodista-ira-sorpresa;"Si te fascinan las historias reales de detectives obsesionados con atrapar a un criminal enfustrado."
69;Gone Girl (Perdida);Misterio/Thriller/Drama;2014;esposa-desaparicion-prensa-ira-sorpresa;"Si quieres ver un drama de pareja retorcido lleno de sorpresas macabras, Perdida te dejara sin palabras."
70;Prisioneros (Prisoners);Thriller/Drama/Misterio;2013;secuestro-padre-policia-ira-tristeza;"Si buscas una pelicula tensa, donde la desesperacion de un padre lleva el drama al limite."
71;Diario de una Pasion (The Notebook);Romance/Drama/Historico;2004;cartas-amor-lluvia-tristeza-alegria;"Si andas romantico o con ganas de suspirar por un amor apasionado, El Diario de Noah te enamorara."
72;La La Land (Ciudad de Sueños);Romance/Musica/Drama;2016;baile-jazz-sueños-alegria-tristeza;"Si te apasiona la musica, los colores y el romance agridulce, La La Land es una joya imperdible."
73;500 Dias con Ella;Romance/Comedia/Drama;2009;amor-despecho-recuerdos-tristeza-sorpresa;"Si andas despechado o saliendo de una relacion, esta peli te ayudara a ver el amor con mas realidad."
74;Cuestion de Tiempo (About Time);Romance/Ciencia Ficcion/Drama;2013;tiempo-amor-familia-alegria-tristeza;"Si buscas una historia hermosa sobre valorar cada dia y amar a tu familia, esta peli te llenara el alma."
75;Orgullo y Prejuicio;Romance/Drama/Historico;2005;baile-cartas-inglaterra-alegria-tristeza;"Si te gustan los romances clasicos llenos de miradas intensas y tension elegante, es perfecta."
76;Antes del Amanecer;Romance/Drama/Viajes;1995;viena-tren-conversacion-alegria-sorpresa;"Si andas en plan filosofico y romantico, esta caminata nocturna entre dos desconocidos te encantara."
77;Eterno Resplandor de una Mente sin Recuerdos;Romance/Ciencia Ficcion/Drama;2004;olvido-mente-despecho-tristeza-sorpresa;"Si tienes el corazon roto y quisieras borrar el pasado, esta peli reflejara todo lo que sientes."
78;Votos de Amor (The Vow);Romance/Drama/Historico;2012;memoria-accidente-esposos-tristeza-alegria;"Si buscas un romance de superacion donde el amor lucha contra el olvido, te sacara mas de una lagrima."
79;Bajo la Misma Estrella;Romance/Drama/Juventud;2014;libros-enfermedad-amor-tristeza-despecho;"Si quieres soltar todo el llanto con una historia de amor juvenil conmovedora, esta es la peli."
80;Yo Antes de Ti;Romance/Drama/Familia;2016;silla de ruedas-cuidadora-amor-tristeza-alegria;"Si buscas una pelicula bonita pero que te rompa el corazon en pedazos al final, preparate."
81;Secuestro Express;Drama/Accion/Crimen;2005;caracas-peligro-calle-ira-miedo;"Si quieres ver cine venezolano urbano intenso que refleje la realidad caraqueña de los 2000."
82;Hermano;Drama/Deporte/Accion;2010;futbol-caracas-hermanos-tristeza-ira;"Una joya del cine venezolano sobre la hermandad, el futbol y los sueños en medio de la violencia."
83;Papita,Mani,Toston;Comedia/Romance/Deporte;2013;beisbol-leones-magallanes-alegria-vacilon;"Si quieres reir con la eterna rivalidad del beisbol venezolano y una historia de amor caraqueña."
84;Azul y No Tan Rosa;Drama/Comedia/Familia;2012;fotografo-familia-respeto-alegria-tristeza;"Orgullo del cine venezolano galardonado con el Goya, una historia hermosa sobre la aceptacion."
85;La Hora Cero;Accion/Thriller/Drama;2010;hospitalez-malandro-secuestro-ira-sorpresa;"Cine de accion venezolano a millon: un malandro tomando una clinica por una causa desesperada."
86;El Manzano Azul;Drama/Familia/Aventura;2012;merida-abuelo-campo-tristeza-alegria;"Una pelicula venezolana tierna y hermosa ambientada en los Andes sobre reencontrarse con las raices."
87;Punto y Raya;Comedia/Drama/Bicoastal;2004;frontera-soldados-colombia-alegria-vacilon;"Una comedia clasica venezolana sobre la amistad entre un soldado venezolano y uno colombiano."
88;El Caracazo;Drama/Historico/Guerra;2005;historia-caracas-protesta-ira-tristeza;"Una peli historica venezolana que muestra los eventos cruciales de 1989 con gran impacto."
89;Er Conde Jones;Comedia/Aventura/Accion;2011;er conde-aventura-chistes-alegria-vacilon;"Si quieres humor criollo absurdo con Er Conde del Guacharo para pasar el rato riendo."
90;A Mi Me Gusta;Comedia/Romance/Familia;2008;chef-margarita-amor-alegria-vacilon;"Una comedia romantica venezolana fresca filmada en las playas de la Isla de Margarita."
91;El Padrino (The Godfather);Drama/Crimen/Historico;1972;mafia-familia-poder-ira-sorpresa;"El clasico supremo del cine de mafiosos, perfecto para ver intriga, lealtad y venganza."
92;Cara de Cortada (Scarface);Accion/Drama/Crimen;1983;miami-drogas-dinero-ira-sorpresa;"Si quieres ver el ascenso y caida brutal de Tony Montana en una peli llena de excesos."
93;Pulp Fiction (Tiempos Violentos);Crimen/Drama/Comedia;1994;historias-dialogos-baile-alegria-sorpresa;"Si buscas cine de culto con dialogos geniales, humor negro y personajes inolvidables."
94;Buenos Muchachos (Goodfellas);Crimen/Drama/Historico;1990;mafia-amigos-dinero-ira-alegria;"Si te apasionan las historias reales sobre la vida dentro de la mafia con ritmo frenetico."
95;El Guason (Joker);Drama/Thriller/Crimen;2019;locura-sociedad-origen-ira-tristeza;"Si quieres ver una actuacion impresionante sobre como la sociedad rompe la mente de un hombre."
96;Oppenheimer;Drama/Historico/Misterio;2023;bomba-fisica-historia-sorpresa-ira;"Si buscas drama historico intenso e intelectual sobre la creacion de la bomba atomica."
97;Parasitos (Parasite);Thriller/Drama/Comedia;2019;casa-familia-mentiras-sorpresa-ira;"Una joya coreana que te dejara en shock combinando comedia negra, suspenso y lucha de clases."
98;Gladiador 2;Accion/Drama/Aventura;2024;roma-arena-lucha-ira-sorpresa;"Si buscas accion epica moderna en el coliseo romano cargada de batallas sangrientas."
99;Godzilla Minus One;Ciencia Ficcion/Accion/Terror;2023;monstruo-japon-guerra-miedo-sorpresa;"Una de las mejores peliculas de monstruos que combina terror real con un drama humano tremendo."
100;El Gran Showman;Musical/Drama/Historico;2017;circo-musica-espectaculo-alegria-sorpresa;"Si necesitas llenarte de energia positiva y buena musica con un show inolvidable."
